<?xml version="1.0" encoding="UTF-8" standalone="yes"?>
<addon id="repository.lambassvn" version="1.0.6" name="LamBass Repository" provider-name="LamBass">
    <extension point="xbmc.addon.repository" name="LamBass Repository">
        <dir>
            <info compressed="false">https://raw.githubusercontent.com/LamBassVN/KodiVN/master/addons.xml</info>
            <checksum>https://raw.githubusercontent.com/LamBassVN/KodiVN/master/zips/repository.lambassvn/addons.xml.md5</checksum>
            <datadir zip="true">https://github.com/LamBassVN/KodiVN/raw/master/zips</datadir>
        </dir>
    </extension>
    <extension point="xbmc.addon.metadata">
        <summary lang="en">LamBass Repository</summary>
        <description lang="en">
*Ủng hộ/Donate:
*MoMo/MB Bank: 0393361613
*Paypal: lambassvn
</description>
        <platform>all</platform>
    <assets>
        <icon>icon.png</icon>
    </assets>		
    </extension>
</addon>
